{"train/loss": 0.4463, "train/learning_rate": 1.0000000000000002e-06, "train/epoch": 0.02, "train/global_step": 200, "_timestamp": 1704812373.6270502, "_runtime": 84.52691721916199, "_step": 4, "train/train_runtime": 87.2992, "train/train_samples_per_second": 2.291, "train/train_steps_per_second": 2.291, "train/total_flos": 1319195677040640.0, "train/train_loss": 0.6277337551116944}