{"train/loss": 0.3761, "train/learning_rate": 1.0000000000000002e-06, "train/epoch": 0.03, "train/global_step": 200, "_timestamp": 1704878486.685461, "_runtime": 152.66175293922424, "_step": 4, "train/train_runtime": 155.6694, "train/train_samples_per_second": 2.57, "train/train_steps_per_second": 1.285, "train/total_flos": 2925453389660160.0, "train/train_loss": 0.567610445022583, "_wandb": {"runtime": 151}}