{"train/loss": 0.3259, "train/learning_rate": 2.0000000000000003e-06, "train/epoch": 0.06, "train/global_step": 200, "_timestamp": 1704884258.8840783, "_runtime": 237.01131319999695, "_step": 4, "train/train_runtime": 239.2157, "train/train_samples_per_second": 3.344, "train/train_steps_per_second": 0.836, "train/total_flos": 6562711303127040.0, "train/train_loss": 0.5251453971862793, "_wandb": {"runtime": 235}}