{"train/loss": 0.5835, "train/learning_rate": 0.000101, "train/epoch": 0.0, "train/global_step": 10, "_timestamp": 1704875135.046379, "_runtime": 864.7905530929565, "_step": 7, "train/train_runtime": 111.5697, "train/train_samples_per_second": 1.793, "train/train_steps_per_second": 1.793, "train/total_flos": 1319195677040640.0, "train/train_loss": 0.6257629585266113, "eval/runtime": 99.4062, "eval/samples_per_second": 7.635, "eval/steps_per_second": 0.956}