{"train/loss": 1.1935, "train/learning_rate": 9.962011852302082e-05, "train/epoch": 0.0, "train/global_step": 50, "_timestamp": 1704891269.8000436, "_runtime": 30.33620047569275, "_step": 0}