{"train/loss": 0.3754, "train/learning_rate": 1.0000000000000002e-06, "train/epoch": 0.03, "train/global_step": 200, "_timestamp": 1704877368.0437999, "_runtime": 155.42971086502075, "_step": 4, "train/train_runtime": 157.601, "train/train_samples_per_second": 2.538, "train/train_steps_per_second": 1.269, "train/total_flos": 2925453389660160.0, "train/train_loss": 0.5669764804840088, "_wandb": {"runtime": 153}}