{"train/loss": 0.3755, "train/learning_rate": 1.0000000000000002e-06, "train/epoch": 0.03, "train/global_step": 200, "_timestamp": 1704883435.8611624, "_runtime": 160.63735342025757, "_step": 4, "train/train_runtime": 163.0686, "train/train_samples_per_second": 2.453, "train/train_steps_per_second": 1.226, "train/total_flos": 2925453389660160.0, "train/train_loss": 0.5675075435638428, "_wandb": {"runtime": 159}}